ClassCode,LineNo,Misc1,RoomNo,CourseName,Misc2,Year,Dept,StaffCode,ClassSize,TotalSize,TimetableYear,Misc3
100COMP,0,0,0,Computer Studies,NCEA Level 1,11,Technology,VP,0,0,2025TT,100COMP|VP||||VP||0|0||||2|0||
SRREO,JSR,0,1,Te Reo,Junior School,7,Te Reo Māori,BP,19,19,2025TT,SRREO|JSR||||BP|01|19|19||||2|0||
SRLITR,JSR,0,1,Literacy,Junior School,8,English and Languages,SR,19,19,2025TT,SRLITR|JSR||||SR|01|19|19||||2|0||
SRMATH,JSR,0,1,Mathematics,Junior School,8,Mathematics,SR,19,19,2025TT,SRMATH|JSR||||SR|01|19|19||||2|0||
SRREAD,JSR,0,1,Reading,Junior School,8,English and Languages,SR,19,19,2025TT,SRREAD|JSR||||SR|01|19|19||||2|0||
SRSOCS,JSR,0,1,Social Studies,Junior School,8,Social Science,SR,19,19,2025TT,SRSOCS|JSR||||SR|01|19|19||||2|0||
SRWRITE,JSR,0,1,Literacy,Junior School,8,English and Languages,SR,19,19,2025TT,SRWRITE|JSR||||SR|01|19|19||||2|0||
WHANAU,9WPAPA,0,1,Life Skills/Personal Development,Year 1,1,English and Languages,SR,15,15,2025TT,WHANAU|9WPAPA||||SR|01|15|15||||2|0||
SRHOME,JSR,0,1,SRHOME,0,0,SRHOME,SR,19,19,2025TT,SRHOME|JSR||||SR|01|19|19||||2|0||
MEET,9WPAPA,0,1,MEET,0,0,MEET,SR,15,15,2025TT,MEET|9WPAPA||||SR|01|15|15||||2|0||
VEREO,JVE,0,2,Te Reo Maori,Junior School,7,Te Reo Māori,BP,24,24,2025TT,VEREO|JVE||||BP|02|24|24||||2|0||
VEHOME,JVE,0,2,VEHOME,0,0,VEHOME,LI,24,24,2025TT,VEHOME|JVE||||LI|02|24|24||||2|2||
VEHOME,JVE,0,2,VEHOME,0,0,VEHOME,MM,24,24,2025TT,VEHOME|JVE||||MM|02|24|24||||2|1||
WHANAU,7WPAPA,0,2,Life Skills/Personal Development,Year 1,1,English and Languages,SH,11,11,2025TT,WHANAU|7WPAPA||||SH|02|11|11||||2|0||
MEET,7WPAPA,0,2,MEET,0,0,MEET,SH,11,11,2025TT,MEET|7WPAPA||||SH|02|11|11||||2|0||
VEMATH,JVE,0,2,Mathematics,Junior School,8,Mathematics,SR,24,24,2025TT,VEMATH|JVE||||SR|02|24|24||||2|1||
VESOCS,JVE,0,2,Social Studies,Junior School,7,Social Science,SR,24,24,2025TT,VESOCS|JVE||||SR|02|24|24||||2|0||
VELITR,JVE,0,2,Literacy,Year 8,8,English and Languages,VE,24,24,2025TT,VELITR|JVE||||VE|02|24|24||||2|0||
VEMATH,JVE,0,2,Mathematics,Junior School,8,Mathematics,VE,24,24,2025TT,VEMATH|JVE||||VE|02|24|24||||2|0||
VEREAD,JVE,0,2,Reading,Junior School,8,Mathematics,VE,24,24,2025TT,VEREAD|JVE||||VE|02|24|24||||2|0||
VEWRITE,JVE,0,2,Literacy,Junior School,7,English and Languages,VE,24,24,2025TT,VEWRITE|JVE||||VE|02|24|24||||2|0||
VEHOME,JVE,0,2,VEHOME,0,0,VEHOME,VE,24,24,2025TT,VEHOME|JVE||||VE|02|24|24||||2|0||
SDREO,JSD,0,3,Te Re Maori,Junior School,7,Te Reo Māori,HE,19,19,2025TT,SDREO|JSD||||HE|03|19|19||||2|0||
SDDRAMA,JSD,0,3,Drama,Junior School,8,Arts,KV,19,19,2025TT,SDDRAMA|JSD||||KV|03|19|19||||2|0||
SDSOCS,JSD,0,3,Social Studies,Year 8,7,Junior School,LI,19,19,2025TT,SDSOCS|JSD||||LI|03|19|19||||2|0||
SDLITR,JSD,0,3,Literacy,Year 8,8,English and Languages,SD,19,19,2025TT,SDLITR|JSD||||SD|03|19|19||||2|0||
SDMATH,JSD,0,3,Mathematics,Year 7,7,Junior School,SD,19,19,2025TT,SDMATH|JSD||||SD|03|19|19||||2|0||
SDREAD,JSD,0,3,Drama,Year 1,1,Learning Support,SD,19,19,2025TT,SDREAD|JSD||||SD|03|19|19||||2|0||
SDWRITE,JSD,0,3,Literacy,Year 1,1,English and Languages,SD,19,19,2025TT,SDWRITE|JSD||||SD|03|19|19||||2|0||
WHANAU,7WHAU,0,3,Life Skills/Personal Development,Year 1,1,English and Languages,SD,13,13,2025TT,WHANAU|7WHAU||||SD|03|13|13||||2|0||
SDHOME,JSD,0,3,SDHOME,0,0,SDHOME,SD,19,19,2025TT,SDHOME|JSD||||SD|03|19|19||||2|0||
MEET,7WHAU,0,3,MEET,0,0,MEET,SD,13,13,2025TT,MEET|7WHAU||||SD|03|13|13||||2|0||
SDLITR,JSD,0,3,Literacy,Year 8,8,English and Languages,VP,19,19,2025TT,SDLITR|JSD||||VP|03|19|19||||2|1||
MIREO,JMI,0,4,Te Reo Maori,Junior School,7,Te Reo Māori,BP,20,20,2025TT,MIREO|JMI||||BP|04|20|20||||2|0||
MICONS,JMI,0,4,Conservation,Junior School,7,Science,BT,20,20,2025TT,MICONS|JMI||||BT|04|20|20||||2|0||
MILITR,JMI,0,4,Literacy,Year 8,8,English and Languages,MM,20,20,2025TT,MILITR|JMI||||MM|04|20|20||||2|0||
MIMATH,JMI,0,4,Mathematics,Junior School,8,Mathematics,MM,20,20,2025TT,MIMATH|JMI||||MM|04|20|20||||2|0||
MIREAD,JMI,0,4,Specify Subject Name,Junior School,7,English and Languages,MM,20,20,2025TT,MIREAD|JMI||||MM|04|20|20||||2|0||
MISOCS,JMI,0,4,Social Studies,Junior School,7,Social Science,MM,20,20,2025TT,MISOCS|JMI||||MM|04|20|20||||2|0||
MIWRITE,JMI,0,4,Literacy,Junior School,7,English and Languages,MM,20,20,2025TT,MIWRITE|JMI||||MM|04|20|20||||2|0||
WHANAU,8WAHI,0,4,Life Skills/Personal Development,Year 1,1,English and Languages,MM,14,14,2025TT,WHANAU|8WAHI||||MM|04|14|14||||2|0||
MEET,8WAHI,0,4,MEET,0,0,MEET,MM,14,14,2025TT,MEET|8WAHI||||MM|04|14|14||||2|0||
MIHOME,JMI,0,4,Media Studies,Junior School,8,Social Science,PI,20,20,2025TT,MIHOME|JMI||||PI|04|20|20||||2|0||
PIHOME,JPI,0,5,Literacy,Junior School,8,English and Languages,PI,21,21,2025TT,PIHOME|JPI||||PI|05|21|21||||2|0||
PILITR,JPI,0,5,Literacy,Junior School,8,English and Languages,PI,21,21,2025TT,PILITR|JPI||||PI|05|21|21||||2|0||
PIMATH,JPI,0,5,Mathematics,Year 8,8,Mathematics,PI,21,21,2025TT,PIMATH|JPI||||PI|05|21|21||||2|0||
PIREAD,JPI,0,5,Specify Subject Name,Junior School,7,English and Languages,PI,21,21,2025TT,PIREAD|JPI||||PI|05|21|21||||2|0||
PISOCS,JPI,0,5,Social Studies,Junior School,7,Social Science,PI,21,21,2025TT,PISOCS|JPI||||PI|05|21|21||||2|0||
PIWRITE,JPI,0,5,Writing,Junior School,7,English and Languages,PI,21,21,2025TT,PIWRITE|JPI||||PI|05|21|21||||2|0||
WHANAU,8WWAI,0,5,Life Skills/Personal Development,Year 1,1,English and Languages,PI,12,12,2025TT,WHANAU|8WWAI||||PI|05|12|12||||2|0||
MEET,8WWAI,0,5,MEET,0,0,MEET,PI,12,12,2025TT,MEET|8WWAI||||PI|05|12|12||||2|0||
PITEXT,JPI,0,5,Textiles Technology,Junior School,8,Technology,RS,21,21,2025TT,PITEXT|JPI||||RS|05|21|21||||2|0||
PIREO,JPI,0,5,Te Reo Maori,Junior School,8,Te Reo Māori,WE,21,21,2025TT,PIREO|JPI||||WE|05|21|21||||2|0||
12STUDYLI,Year12PE,0,6,12STUDYLI,Year 12,12,STUDYLI,CY,17,17,2025TT,12STUDYLI|Year12PE||||CY|06|17|17||||2|0||
10SS,10H,0,6,Social Studies,Year 10,10,Social Science,MC,25,25,2025TT,10SS|10H||||MC|6|25|25||||2|0||
100LITR,0,0,6,Level 1 Literacy,NCEA Level 1,11,English and Languages,PQ,18,18,2025TT,100LITR|Year11LITR||||PQ|6|18|18||||2|0||
300CLST,6,1,6,Classics,NCEA Level 3,13,Social Science,SO,5,5,2025TT,300CLST||6|1|0|SO|6|5|5||||1|0||
300ENG,4,1,6,English,NCEA Level 3,13,English and Languages,SO,21,21,2025TT,300ENG||4|1|0|SO|6|21|21||||1|0||
Gateway,0,0,6,Transition/Pre-Employment,NCEA Level 2,12,Gateway,SO,6,6,2025TT,Gateway|||||SO|6|6|6|21056;21056;20035;21031;21049;21049|||3|0
200CLST,6,1,6,Classics,NCEA Level 2,12,Social Science,SO,9,9,2025TT,200CLST||6|1|0|SO|6|9|9||||1|0||
200ENG,2,1,6,English,NCEA Level 2,12,English and Languages,SO,24,24,2025TT,200ENG||2|1|0|SO|6|24|24||||1|0||
10ENG,10H,0,6,English,Year 10,10,English and Languages,SO,25,25,2025TT,10ENG|10H||||SO|6|25|25||||2|0||
WHANAU,11WPAPA,0,6,Life Skills/Personal Development,Year 1,1,English and Languages,SO,12,12,2025TT,WHANAU|11WPAPA||||SO|6|12|12||||2|0||
MEET,11WPAPA,0,6,MEET,0,0,MEET,SO,12,12,2025TT,MEET|11WPAPA||||SO|6|12|12||||2|0||
13STUDYBt,7,1,7,13STUDYBt,Year 13,13,STUDYBt,BT,15,15,2025TT,13STUDYBt||7|1|0|BT|7|15|15||||1|0||
11STUDYBt,7,1,7,11STUDYBt,Year 11,11,STUDYBt,BT,20,20,2025TT,11STUDYBt||7|1|0|BT|7|20|20||||1|0||
9MATH,9S,0,7,Mathematics,Year 9,9,Mathematics,JK,20,20,2025TT,9MATH|9S||||JK|7|20|20||||2|0||
9SS,9S,0,7,Social Studies,Year 9,9,Social Science,LI,20,20,2025TT,9SS|9S||||LI|7|20|20||||2|0||
9ENG,9S,0,7,English,Year 9,9,English and Languages,MC,20,20,2025TT,9ENG|9S||||MC|7|20|20||||2|0||
10ENG,10S,0,7,English,Year 10,10,English and Languages,PQ,16,16,2025TT,10ENG|10S||||PQ|7|16|16||||2|0||
MJOURNAL,82D,1,7,Journalism,Middle School,10,English and Languages,PQ,9,25,2025TT,MJOURNAL||82|1|4|PQ|7|9|25||||1|0||
MJOURNAL,82C,1,7,Journalism,Middle School,10,English and Languages,PQ,9,25,2025TT,MJOURNAL||82|1|3|PQ|7|9|25||||1|0||
MJOURNAL,82B,1,7,Journalism,Middle School,10,English and Languages,PQ,18,25,2025TT,MJOURNAL||82|1|2|PQ|7|18|25||||1|0||
MJOURNAL,82A,1,7,Journalism,Middle School,10,English and Languages,PQ,19,25,2025TT,MJOURNAL||82|1|1|PQ|7|19|25||||1|0||
WHANAU,10WPAPA,0,7,Life Skills/Personal Development,Year 1,1,English and Languages,PQ,13,13,2025TT,WHANAU|10WPAPA||||PQ|7|13|13||||2|0||
MEET,10WPAPA,0,7,MEET,0,0,MEET,PQ,13,13,2025TT,MEET|10WPAPA||||PQ|7|13|13||||2|0||
13STUDYSh,7,1,7,13STUDYSh,Year 13,13,STUDYSh,SH,16,16,2025TT,13STUDYSh||7|1|0|SH|7|16|16||||1|0||
100NUMR,2,1,8,Level 1 Numeracy,NCEA Level 1,11,Mathematics,CL,13,27,2025TT,100NUMR||2|1|0|CL|8|13|27||||1|0||
300MATC,5,1,8,Mathematics with Calculus,NCEA Level 3,13,Mathematics,JD,8,8,2025TT,300MATC||5|1|0|JD|8|8|8||||1|0||
9MATH,9H,0,8,Mathematics,Year 9,9,Mathematics,JD,17,17,2025TT,9MATH|9H||||JD|8|17|17||||2|0||
WHANAU,9WWAI,0,8,Life Skills/Personal Development,Year 1,1,English and Languages,JM,13,13,2025TT,WHANAU|9WWAI||||JM|8|13|13||||2|0||
MEET,9WWAI,0,8,MEET,0,0,MEET,JM,13,13,2025TT,MEET|9WWAI||||JM|8|13|13||||2|0||
9SS,9H,0,8,Social Studies,Year 9,9,Social Science,MC,17,17,2025TT,9SS|9H||||MC|8|17|17||||2|0||
9ENG,9H,0,8,English,Year 9,9,English and Languages,PQ,17,17,2025TT,9ENG|9H||||PQ|8|17|17||||2|0||
100ENG,3,1,8,English,NCEA Level 1,11,English and Languages,WA,22,40,2025TT,100ENG||3|1|0|WA|8|22|40||||1|0||
200MATH,3,1,9,Mathematics - Advanced,NCEA Level 2,12,Mathematics,CL,23,23,2025TT,200MATH||3|1|0|CL|9|23|23||||1|0||
100MATH,1,1,9,Mathematics,NCEA Level 1,11,Mathematics,CL,27,27,2025TT,100MATH||1|1|0|CL|9|27|27||||1|0||
9MATH,9W,0,9,Mathematics,Year 9,9,Mathematics,CL,18,18,2025TT,9MATH|9W||||CL|9|18|18||||2|0||
WHANAU,10WWAI,0,9,Life Skills/Personal Development,Year 1,1,English and Languages,CL,14,14,2025TT,WHANAU|10WWAI||||CL|9|14|14||||2|0||
MEET,10WWAI,0,9,MEET,0,0,MEET,CL,14,14,2025TT,MEET|10WWAI||||CL|9|14|14||||2|0||
9SS,9W,0,9,Social Studies,Year 9,9,Social Science,JM,18,18,2025TT,9SS|9W||||JM|9|18|18||||2|0||
9ENG,9W,0,9,English,Year 9,9,English and Languages,WA,18,18,2025TT,9ENG|9W||||WA|9|18|18||||2|0||
MCONS,82D,1,10,Conservation,Middle School,10,Social Science,BT,19,31,2025TT,MCONS||82|1|4|BT|10|19|31||||1|0||
MCONS,82C,1,10,Conservation,Middle School,10,Social Science,BT,18,31,2025TT,MCONS||82|1|3|BT|10|18|31||||1|0||
MCONS,82B,1,10,Conservation,Middle School,10,Social Science,BT,19,31,2025TT,MCONS||82|1|2|BT|10|19|31||||1|0||
10SS,10S,0,10,Social Studies,Year 10,10,Social Science,CY,16,16,2025TT,10SS|10S||||CY|10|16|16||||2|0||
WHANAU,10WHAU,0,10,Life Skills/Personal Development,Year 1,1,English and Languages,CY,19,19,2025TT,WHANAU|10WHAU||||CY|10|19|19||||2|0||
MEET,10WHAU,0,10,MEET,0,0,MEET,CY,19,19,2025TT,MEET|10WHAU||||CY|10|19|19||||2|0||
100HIST,4,1,10,History,NCEA Level 1,11,Social Science,JM,19,19,2025TT,100HIST||4|1|0|JM|10|19|19||||1|0||
NETNZ,3,1,10,NETNZ,NCEA Level 1,11,Administration,JT,1,1,2025TT,NETNZ||3|1|0|JT|10|1|1||||1|0|1|200021604
NETNZTEREO,3,1,10,Level 1 Te Reo Maori,NCEA Level 1,11,Te Reo Māori,JT,0,3,2025TT,NETNZTEREO||3|1|0|JT|10|0|3||||1|0|1|200021604
SocialStud,0,0,10,SocialStud,0,0,SocialStud,RY,28,28,2025TT,SocialStud|||||RY|10|28|28|19066;19066;19066;19066;19066;19066;19066;19066;19066;19066;19066;19066;19066;19066;22019;22019;22019;22019;22019;22019;22019;22019;22019;22019;22019;22019;22019;22019|||3|0
10MATH,10S,0,10,Mathematics,Year 10,10,Mathematics,SD,16,16,2025TT,10MATH|10S||||SD|10|16|16||||2|0||
10ENG,10W,0,10,English,Year 10,10,English and Languages,TJ,23,23,2025TT,10ENG|10W||||TJ|10|23|23||||2|0||
10SS,10W,0,10,Social Studies,Year 10,10,Social Science,TJ,23,23,2025TT,10SS|10W||||TJ|10|23|23||||2|0||
10SCIHE,0,0,12,10SCIHE,Year 10,10,SCIHE,AE,1,1,2025TT,10SCIHE|||||AE|12|1|1|23053|||3|0
MISCI,JMI,0,12,Science,Junior School,7,Science,AE,20,20,2025TT,MISCI|JMI||||AE|12|20|20||||2|0||
200CHEM,6,1,12,Chemistry,NCEA Level 2,12,Science,SH,11,16,2025TT,200CHEM||6|1|0|SH|12|11|16||||1|0||
9SCI,9H,0,12,Science,Year 9,9,Science,SH,17,17,2025TT,9SCI|9H||||SH|12|17|17||||2|0||
VESCI,JVE,0,12,Science,Junior School,7,Science,SH,24,24,2025TT,VESCI|JVE||||SH|12|24|24||||2|0||
MISCI,JMI,0,12,Science,Junior School,7,Science,VR,20,20,2025TT,MISCI|JMI||||VR|12|20|20||||2|1||
300CHEM,3,1,12,Chemistry,NCEA Level 3,13,Science,WY,5,5,2025TT,300CHEM||3|1|0|WY|12|5|5||||1|0||
200CHEM,3,1,12,Chemistry,NCEA Level 2,12,Science,WY,5,16,2025TT,200CHEM||3|1|0|WY|12|5|16||||1|0||
100SCIE,1,1,12,Science,NCEA Level 1,11,Science,WY,16,53,2025TT,100SCIE||1|1|0|WY|12|16|53||||1|0||
10SCI,10H,0,12,Science,Year 10,10,Science,WY,25,25,2025TT,10SCI|10H||||WY|12|25|25||||2|0||
WHANAU,7WAHI,0,12,Life Skills/Personal Development,Year 1,1,English and Languages,WY,12,12,2025TT,WHANAU|7WAHI||||WY|12|12|12||||2|0||
MEET,7WAHI,0,12,MEET,0,0,MEET,WY,12,12,2025TT,MEET|7WAHI||||WY|12|12|12||||2|0||
100SCIE,6,1,13,Science,NCEA Level 1,11,Science,BT,21,53,2025TT,100SCIE||6|1|0|BT|13|21|53||||1|0||
300BIOL,1,1,13,Biology,NCEA Level 3,13,Science,SH,11,11,2025TT,300BIOL||1|1|0|SH|13|11|11||||1|0||
MTRSCI,MTR,0,13,Science,Middle School,10,Science,SH,10,10,2025TT,MTRSCI|MTR||||SH|13|10|10||||2|0||
JTRSCI,JTR,0,13,Science,Junior School,7,Science,SH,14,14,2025TT,JTRSCI|JTR||||SH|13|14|14||||2|0||
200BIOL,4,1,13,Biology,NCEA Level 2,12,Science,VR,20,20,2025TT,200BIOL||4|1|0|VR|13|20|20||||1|0||
100SCIE,3,1,13,Science,NCEA Level 1,11,Science,VR,16,53,2025TT,100SCIE||3|1|0|VR|13|16|53||||1|0||
10SCI,10S,0,13,Science,Year 10,10,Science,VR,16,16,2025TT,10SCI|10S||||VR|13|16|16||||2|0||
9SCI,9S,0,13,Science,Year 9,9,Science,VR,20,20,2025TT,9SCI|9S||||VR|13|20|20||||2|0||
PISCI,JPI,0,13,Science,Junior School,7,Science,VR,21,21,2025TT,PISCI|JPI||||VR|13|21|21||||2|0||
WHANAU,9WHAU,0,13,Life Skills/Personal Development,Year 1,1,English and Languages,VR,12,12,2025TT,WHANAU|9WHAU||||VR|13|12|12||||2|0||
MEET,9WHAU,0,13,MEET,0,0,MEET,VR,12,12,2025TT,MEET|9WHAU||||VR|13|12|12||||2|0||
300PHYS,2,1,14,Physics,NCEA Level 3,13,Science,AE,10,10,2025TT,300PHYS||2|1|0|AE|14|10|10||||1|0||
200PHYS,5,1,14,Physics,NCEA Level 2,12,Science,AE,17,17,2025TT,200PHYS||5|1|0|AE|14|17|17||||1|0||
10SCI,10W,0,14,Science,Year 10,10,Science,AE,23,23,2025TT,10SCI|10W||||AE|14|23|23||||2|0||
9SCI,9W,0,14,Science,Year 9,9,Science,AE,18,18,2025TT,9SCI|9W||||AE|14|18|18||||2|0||
SRSCI,JSR,0,14,Science,Year 7,7,Science,AE,19,19,2025TT,SRSCI|JSR||||AE|14|19|19||||2|0||
WHANAU,12WWAI,0,14,Life Skills/Personal Development,Year 1,1,English and Languages,AE,7,7,2025TT,WHANAU|12WWAI||||AE|14|7|7||||2|0||
MEET,12WWAI,0,14,MEET,0,0,MEET,AE,7,7,2025TT,MEET|12WWAI||||AE|14|7|7||||2|0||
SDSCI,JSD,0,14,Science,Junior School,8,Science,SH,19,19,2025TT,SDSCI|JSD||||SH|14|19|19||||2|0||
200AGHO,6,1,15,Agriculture and Horticulture,NCEA Level 2,12,Science,WY,8,8,2025TT,200AGHO||6|1|0|WY|15|8|8||||1|0||
200COLAB,1,1,22,Colab Mathematics,NCEA Level 2,12,Mathematics,JK,0,0,2025TT,200COLAB||1|1|0|JK|22|0|0||||1|0||
100NUMR,4,1,22,Level 1 Numeracy,NCEA Level 1,11,Mathematics,JK,14,27,2025TT,100NUMR||4|1|0|JK|22|14|27||||1|0||
10MATH,10H,0,22,Mathematics,Year 10,10,Mathematics,JK,25,25,2025TT,10MATH|10H||||JK|22|25|25||||2|0||
WHANAU,11WWAI,0,22,Life Skills/Personal Development,Year 1,1,English and Languages,JK,14,14,2025TT,WHANAU|11WWAI||||JK|22|14|14||||2|0||
MEET,11WWAI,0,22,MEET,0,0,MEET,JK,14,14,2025TT,MEET|11WWAI||||JK|22|14|14||||2|0||
10MATH,10W,0,22,Mathematics,Year 10,10,Mathematics,JM,23,23,2025TT,10MATH|10W||||JM|22|23|23||||2|0||
12STUDYRs,7,1,23,12STUDYRs,Year 12,12,STUDYRs,RS,28,28,2025TT,12STUDYRs||7|1|0|RS|23|28|28||||1|0||
MCONS,82A,1,8a,Conservation,Middle School,10,Social Science,BT,14,31,2025TT,MCONS||82|1|1|BT|8a|14|31||||1|0||
200HIST,5,1,8a,History,NCEA Level 2,12,Social Science,CY,7,7,2025TT,200HIST||5|1|0|CY|8a|7|7||||1|0||
ESOL,0,0,8a,ESOL,0,0,ESOL,CY,6,6,2025TT,ESOL|||||CY|8a|6|6|25094;23091;24067;25092;25091;25093|||3|0
RightTrack,0,0,BMeet,RightTrack,0,0,RightTrack,KV,4,4,2025TT,RightTrack|||||KV|BMeet|4|4|23043;21029;21050;21009|||3|0
300COMP,8,1,CW,Computer Studies,NCEA Level 3,13,Technology,VP,0,0,2025TT,300COMP||8|1|0|VP|CW|0|0||||1|0||
300DTECH,4,1,CW,Digital Technologies,NCEA Level 3,13,Technology,VP,1,5,2025TT,300DTECH||4|1|0|VP|CW|1|5||||1|0||
300DTECH,1,1,CW,Digital Technologies,NCEA Level 3,13,Technology,VP,4,5,2025TT,300DTECH||1|1|0|VP|CW|4|5||||1|0||
200COMP,8,1,CW,Computer Studies,NCEA Level 2,12,Technology,VP,0,0,2025TT,200COMP||8|1|0|VP|CW|0|0||||1|0||
200DTECH,4,1,CW,Digital Technologies,NCEA Level 2,12,Technology,VP,3,11,2025TT,200DTECH||4|1|0|VP|CW|3|11||||1|0||
200DTECH,1,1,CW,Digital Technologies,NCEA Level 2,12,Technology,VP,8,11,2025TT,200DTECH||1|1|0|VP|CW|8|11||||1|0||
100DTECHS,9,1,CW,Digital Technologies,NCEA Level 1,11,Technology,VP,1,1,2025TT,100DTECHS||9|1|0|VP|CW|1|1||||1|0||
100COMP,8,1,CW,Computer Studies,NCEA Level 1,11,Technology,VP,0,1,2025TT,100COMP||8|1|0|VP|CW|0|1||||1|0||
100DTECH,4,1,CW,Digital Technologies,NCEA Level 1,11,Technology,VP,7,14,2025TT,100DTECH||4|1|0|VP|CW|7|14||||1|0||
100DTECH,1,1,CW,Digital Technologies,NCEA Level 1,11,Technology,VP,7,14,2025TT,100DTECH||1|1|0|VP|CW|7|14||||1|0||
MWEB,81D,1,CW,Web Design,Middle School,10,Technology,VP,25,25,2025TT,MWEB||81|1|4|VP|CW|25|25||||1|0||
MWEB,81C,1,CW,Web Design,Middle School,10,Technology,VP,25,25,2025TT,MWEB||81|1|3|VP|CW|25|25||||1|0||
MPROG,81B,1,CW,Middle DTECH - Programming,Middle School,10,Technology,VP,24,24,2025TT,MPROG||81|1|2|VP|CW|24|24||||1|0||
MPROG,81A,1,CW,Middle DTECH - Programming,Middle School,10,Technology,VP,24,24,2025TT,MPROG||81|1|1|VP|CW|24|24||||1|0||
SRDTECH,JSR,0,CW,Digital Technology,Junior School,8,Technology,VP,19,19,2025TT,SRDTECH|JSR||||VP|CW|19|19||||2|0||
SDDTECH,JSD,0,CW,Digital Technologies,Junior School,7,Technology,VP,19,19,2025TT,SDDTECH|JSD||||VP|CW|19|19||||2|0||
PIDTECH,JPI,0,CW,Digital Technologies,Year 7,7,Technology,VP,21,21,2025TT,PIDTECH|JPI||||VP|CW|21|21||||2|0||
MIDTECH,JMI,0,CW,Digital Technologies,Junior School,7,Technology,VP,20,20,2025TT,MIDTECH|JMI||||VP|CW|20|20||||2|0||
8SDTECH,8S,0,CW,Digital Technologies,Year 7,7,Technology,VP,11,11,2025TT,8SDTECH|8S||||VP|CW|11|11||||2|0||
7SDTECH,7S,0,CW,Digtal Technologies,Year 7,7,Technology,VP,13,13,2025TT,7SDTECH|7S||||VP|CW|13|13||||2|0||
WHANAU,8WHAU,0,CW,Life Skills/Personal Development,Year 1,1,English and Languages,VP,14,14,2025TT,WHANAU|8WHAU||||VP|CW|14|14||||2|0||
MEET,8WHAU,0,CW,MEET,0,0,MEET,VP,14,14,2025TT,MEET|8WHAU||||VP|CW|14|14||||2|0||
300MATS,5,1,DR,Mathematics with Statistics,NCEA Level 3,13,Mathematics,CL,16,16,2025TT,300MATS||5|1|0|CL|DR|16|16||||1|0||
MDRAMA,81D,1,DR,Drama,Middle School,10,Arts,JA,18,30,2025TT,MDRAMA||81|1|4|JA|DR|18|30||||1|0||
MDRAMA,81C,1,DR,Drama,Middle School,10,Arts,JA,17,30,2025TT,MDRAMA||81|1|3|JA|DR|17|30||||1|0||
MDRAMA,81B,1,DR,Drama,Middle School,10,Arts,JA,15,30,2025TT,MDRAMA||81|1|2|JA|DR|15|30||||1|0||
MDRAMA,81A,1,DR,Drama,Middle School,10,Arts,JA,0,30,2025TT,MDRAMA||81|1|1|JA|DR|0|30||||1|0||
VEDRAMA,JVE,0,DR,Drama,Junior School,7,Arts,JA,24,24,2025TT,VEDRAMA|JVE||||JA|DR|24|24||||2|0||
WHANAU,12WHAU,0,DR,Life Skills/Personal Development,Year 1,1,English and Languages,JA,11,11,2025TT,WHANAU|12WHAU||||JA|DR|11|11||||2|0||
MEET,12WHAU,0,DR,MEET,0,0,MEET,JA,11,11,2025TT,MEET|12WHAU||||JA|DR|11|11||||2|0||
NETNZDRAMA,6,1,DR,Drama,Year 1,1,Arts,JT,1,6,2025TT,NETNZDRAMA||6|1|0|JT|DR|1|6||||1|0||
NETNZDRAMA,4,1,DR,Drama,Year 1,1,Arts,JT,2,6,2025TT,NETNZDRAMA||4|1|0|JT|DR|2|6||||1|0||
NETNZDRAMA,2,1,DR,Drama,Year 1,1,Arts,JT,1,6,2025TT,NETNZDRAMA||2|1|0|JT|DR|1|6||||1|0||
NETNZDRAMA,6,1,DR,Drama,Year 1,1,Arts,RS,1,6,2025TT,NETNZDRAMA||6|1|0|RS|DR|1|6||||1|1||
NETNZDRAMA,4,1,DR,Drama,Year 1,1,Arts,RS,2,6,2025TT,NETNZDRAMA||4|1|0|RS|DR|2|6||||1|1||
NETNZDRAMA,2,1,DR,Drama,Year 1,1,Arts,RS,1,6,2025TT,NETNZDRAMA||2|1|0|RS|DR|1|6||||1|1||
300HOSP,1,1,F,Hospitality,NCEA Level 3,13,Technology,DK,18,18,2025TT,300HOSP||1|1|0|DK|F|18|18||||1|0||
100HOSP,6,1,F,Hospitality,NCEA Level 1,11,Technology,DK,18,38,2025TT,100HOSP||6|1|0|DK|F|18|38||||1|0||
MFOOD,82D,1,F,Food and Nutrition,Middle School,10,Technology,DK,23,83,2025TT,MFOOD||82|1|4|DK|F|23|83||||1|0||
MFOOD,82C,1,F,Food and Nutrition,Middle School,10,Technology,DK,22,83,2025TT,MFOOD||82|1|3|DK|F|22|83||||1|0||
MFOOD,82B,1,F,Food and Nutrition,Middle School,10,Technology,DK,22,83,2025TT,MFOOD||82|1|2|DK|F|22|83||||1|0||
MFOOD,82A,1,F,Food and Nutrition,Middle School,10,Technology,DK,22,83,2025TT,MFOOD||82|1|1|DK|F|22|83||||1|0||
MFOOD,81D,1,F,Food and Nutrition,Middle School,10,Technology,DK,24,83,2025TT,MFOOD||81|1|4|DK|F|24|83||||1|0||
MFOOD,81C,1,F,Food and Nutrition,Middle School,10,Technology,DK,24,83,2025TT,MFOOD||81|1|3|DK|F|24|83||||1|0||
MIFOOD,JMI,0,F,Food and Nutrition,Junior School,8,Technology,DK,20,20,2025TT,MIFOOD|JMI||||DK|F|20|20||||2|0||
8SFOOD,8S,0,F,Year 8 Food Sm,Year 8,8,Technology,DK,11,11,2025TT,8SFOOD|8S||||DK|F|11|11||||2|0||
VEFOOD,JVE,0,F,Food and Nutrition,Junior School,7,Technology,DK,24,24,2025TT,VEFOOD|JVE||||DK|F|24|24||||2|0||
SRFOOD,JSR,0,F,Food and Nutrition,Junior School,7,Technology,DK,19,19,2025TT,SRFOOD|JSR||||DK|F|19|19||||2|0||
SDFOOD,JSD,0,F,Food and Nutrition,Junior School,7,Technology,DK,19,19,2025TT,SDFOOD|JSD||||DK|F|19|19||||2|0||
7SFOOD,7S,0,F,Food and Nutrition,Year 1,1,Technology,DK,13,13,2025TT,7SFOOD|7S||||DK|F|13|13||||2|0||
WHANAU,11WHAU,0,F,Life Skills/Personal Development,Year 1,1,English and Languages,DK,13,13,2025TT,WHANAU|11WHAU||||DK|F|13|13||||2|0||
MEET,11WHAU,0,F,MEET,0,0,MEET,DK,13,13,2025TT,MEET|11WHAU||||DK|F|13|13||||2|0||
PIFOOD,JPI,0,F,Food and Nutrition,Junior School,7,Technology,HM,21,21,2025TT,PIFOOD|JPI||||HM|F|21|21||||2|0||
200HOSP,4,1,F,Hospitality,NCEA Level 2,12,Technology,MK,18,18,2025TT,200HOSP||4|1|0|MK|F|18|18||||1|0||
100HOSP,2,1,F,Hospitality,NCEA Level 1,11,Technology,MK,20,38,2025TT,100HOSP||2|1|0|MK|F|20|38||||1|0||
MFOOD,81B,1,F,Food and Nutrition,Middle School,10,Technology,MK,23,83,2025TT,MFOOD||81|1|2|MK|F|23|83||||1|0||
MFOOD,81A,1,F,Food and Nutrition,Middle School,10,Technology,MK,22,83,2025TT,MFOOD||81|1|1|MK|F|22|83||||1|0||
300PHED,6,1,G,Physical Education,NCEA Level 3,13,Physical Education,BA,10,10,2025TT,300PHED||6|1|0|BA|G|10|10||||1|0||
100PHED,5,1,G,Physical Education,NCEA Level 1,11,Physical Education,BA,21,33,2025TT,100PHED||5|1|0|BA|G|21|33||||1|0||
PISPORT,JPI,0,G,Sport,Year 8,8,Physical Education,CY,21,21,2025TT,PISPORT|JPI||||CY|G|21|21||||2|0||
200PHED,Year12PE,0,G,Physical Education,NCEA Level 2,12,Physical Education,HM,17,17,2025TT,200PHED|Year12PE||||HM|G|17|17||||2|0||
100PHED,2,1,G,Physical Education,NCEA Level 1,11,Physical Education,JM,12,33,2025TT,100PHED||2|1|0|JM|G|12|33||||1|0||
SDPEH,JSD,0,G,Physical Education,Year 8,8,Physical Education,MI,19,19,2025TT,SDPEH|JSD||||MI|G|19|19||||2|0||
MIPEH,JMI,0,G,Physical Education,Year 8,7,Physical Education,MI,20,20,2025TT,MIPEH|JMI||||MI|G|20|20||||2|0||
VEPEH,0,0,G,Physical Education,Junior School,7,Physical Education,MI,2,2,2025TT,VEPEH|||||MI|G|2|2|22031;22031|||3|0
SRPEH,JSR,0,G,Physical Education,Year 8,7,Physical Education,PI,19,19,2025TT,SRPEH|JSR||||PI|G|19|19||||2|0||
SDSPORT,JSD,0,G,Sport,Year 8,8,Physical Education,RW,19,19,2025TT,SDSPORT|JSD||||RW|G|19|19||||2|0||
9PEH,9H,0,G1,Physical Education,Year 9,9,Physical Education,BP,17,17,2025TT,9PEH|9H||||BP|G1|17|17||||2|0||
9HPEH,0,0,G1,9HPEH,Year 9,9,HPEH,BP,1,1,2025TT,9HPEH|||||BP|G1|1|1|22031|||3|0
VESPORT,JVE,0,G1,Sport,Year 8,8,Physical Education,CY,24,24,2025TT,VESPORT|JVE||||CY|G1|24|24||||2|0||
PIPEH,JPI,0,G1,Physical Education,Year 8,7,Physical Education,JA,21,21,2025TT,PIPEH|JPI||||JA|G1|21|21||||2|0||
MSPORT,81D,1,G1,Sport,Middle School,10,Physical Education,JM,22,45,2025TT,MSPORT||81|1|4|JM|G1|22|45||||1|0||
MSPORT,81C,1,G1,Sport,Middle School,10,Physical Education,JM,21,45,2025TT,MSPORT||81|1|3|JM|G1|21|45||||1|0||
SRSPORT,JSR,0,G1,Sport,Year 7,7,Physical Education,RW,19,19,2025TT,SRSPORT|JSR||||RW|G1|19|19||||2|0||
10PEH,10W,0,G2,Physical Education,Year 10,10,Physical Education,BA,23,23,2025TT,10PEH|10W||||BA|G2|23|23||||2|0||
10PEHHE,0,0,G2,10PEHHE,Year 10,10,PEHHE,BA,2,2,2025TT,10PEHHE|||||BA|G2|2|2|23053;22031|||3|0
9PEH,9S,0,G2,Physical Education,Year 9,9,Physical Education,BA,20,20,2025TT,9PEH|9S||||BA|G2|20|20||||2|0||
MTRPEH,MTR,0,G2,Physical Education,Middle School,10,Physical Education,BP,10,10,2025TT,MTRPEH|MTR||||BP|G2|10|10||||2|0||
10PEH,10H,0,G2,Physical Education,Year 10,10,Physical Education,BP,25,25,2025TT,10PEH|10H||||BP|G2|25|25||||2|0||
JTRPEH,JTR,0,G2,Physical Education,Junior School,8,Physical Education,BP,14,14,2025TT,JTRPEH|JTR||||BP|G2|14|14||||2|0||
10PEH,10S,0,G2,Physical Education,Year 10,10,Physical Education,MI,16,16,2025TT,10PEH|10S||||MI|G2|16|16||||2|0||
VEPEH,JVE,0,G2,Physical Education,Junior School,7,Physical Education,MI,24,24,2025TT,VEPEH|JVE||||MI|G2|24|24||||2|0||
9PEH,9W,0,GCC,Physical Education,Year 9,9,Physical Education,JA,18,18,2025TT,9PEH|9W||||JA|GCC|18|18||||2|0||
9WPEH,0,0,GCC,9WPEH,Year 9,9,WPEH,JA,1,1,2025TT,9WPEH|||||JA|GCC|1|1|22031|||3|0
MSPORT,81B,1,GCC,Sport,Middle School,10,Physical Education,JM,26,45,2025TT,MSPORT||81|1|2|JM|GCC|26|45||||1|0||
MSPORT,81A,1,GCC,Sport,Middle School,10,Physical Education,JM,25,45,2025TT,MSPORT||81|1|1|JM|GCC|25|45||||1|0||
300FURN,5,1,GR,Hard Materials,NCEA Level 3,13,Technology,MR,3,3,2025TT,300FURN||5|1|0|MR|GR|3|3||||1|0||
200FURN,6,1,GR,Hard Materials,NCEA Level 2,12,Technology,MR,19,19,2025TT,200FURN||6|1|0|MR|GR|19|19||||1|0||
100FURN,5,1,GR,Furniture,NCEA Level 1,11,Technology,MR,11,11,2025TT,100FURN||5|1|0|MR|GR|11|11||||1|0||
100DVC,1,1,GR,Design & Visual Communication,NCEA Level 1,11,Technology,MR,5,5,2025TT,100DVC||1|1|0|MR|GR|5|5||||1|0||
MDVC,82D,1,GR,Design and Visual Communication (DVC),Middle School,10,Technology,MR,6,16,2025TT,MDVC||82|1|4|MR|GR|6|16||||1|0||
MDVC,82C,1,GR,Design and Visual Communication (DVC),Middle School,10,Technology,MR,6,16,2025TT,MDVC||82|1|3|MR|GR|6|16||||1|0||
MDVC,82B,1,GR,Design and Visual Communication (DVC),Middle School,10,Technology,MR,13,16,2025TT,MDVC||82|1|2|MR|GR|13|16||||1|0||
MDVC,82A,1,GR,Design and Visual Communication (DVC),Middle School,10,Technology,MR,12,16,2025TT,MDVC||82|1|1|MR|GR|12|16||||1|0||
MWOOD,81D,1,GR,Hard Materials,Middle School,10,Technology,MR,18,32,2025TT,MWOOD||81|1|4|MR|GR|18|32||||1|0||
MWOOD,81C,1,GR,Hard Materials,Middle School,10,Technology,MR,18,32,2025TT,MWOOD||81|1|3|MR|GR|18|32||||1|0||
MWOOD,81B,1,GR,Hard Materials,Middle School,10,Technology,MR,17,32,2025TT,MWOOD||81|1|2|MR|GR|17|32||||1|0||
MWOOD,81A,1,GR,Hard Materials,Middle School,10,Technology,MR,14,32,2025TT,MWOOD||81|1|1|MR|GR|14|32||||1|0||
VEWOOD,JVE,0,GR,Hard Materials,Junior School,8,Technology,MR,24,24,2025TT,VEWOOD|JVE||||MR|GR|24|24||||2|0||
SRWOOD,JSR,0,GR,Woodwork,Junior School,8,Technology,MR,19,19,2025TT,SRWOOD|JSR||||MR|GR|19|19||||2|0||
8SWOOD,8S,0,GR,Hard Materials,Year 8,8,Technology,MR,11,11,2025TT,8SWOOD|8S||||MR|GR|11|11||||2|0||
PIWOOD,JPI,0,GR,Hard Materials,Junior School,7,Technology,MR,21,21,2025TT,PIWOOD|JPI||||MR|GR|21|21||||2|0||
MIWOOD,JMI,0,GR,Hard Materials,Junior School,7,Technology,MR,20,20,2025TT,MIWOOD|JMI||||MR|GR|20|20||||2|0||
7SWOOD,7S,0,GR,Y7 Wood Technology SM,Year 7,7,Technology,MR,13,13,2025TT,7SWOOD|7S||||MR|GR|13|13||||2|0||
WHANAU,8WPAPA,0,GR,Life Skills/Personal Development,Year 1,1,English and Languages,MR,13,13,2025TT,WHANAU|8WPAPA||||MR|GR|13|13||||2|0||
MEET,8WPAPA,0,GR,MEET,0,0,MEET,MR,13,13,2025TT,MEET|8WPAPA||||MR|GR|13|13||||2|0||
10ENGHE,0,0,GR,10ENGHE,Year 10,10,ENGHE,TJ,2,2,2025TT,10ENGHE|||||TJ|GR|2|2|23053;23005|||3|0
100DVC,1,1,GR,Design & Visual Communication,NCEA Level 1,11,Technology,VP,5,5,2025TT,100DVC||1|1|0|VP|GR|5|5||||1|1||
WHANAU,12LR,0,Green,Life Skills/Personal Development,Year 1,1,English and Languages,LR,7,7,2025TT,WHANAU|12LR||||LR|GREEN|7|7||||2|0||
MEET,12LR,0,Green,MEET,0,0,MEET,LR,7,7,2025TT,MEET|12LR||||LR|GREEN|7|7||||2|0||
GATEWAY,3,1,GW,Transition/Pre-Employment,NCEA Level 2,12,GATEWAY,KV,2,22,2025TT,Gateway||3|1|0|KV|GW|2|22||||1|0||
GATEWAY,2,1,GW,Transition/Pre-Employment,NCEA Level 2,12,GATEWAY,KV,20,22,2025TT,Gateway||2|1|0|KV|GW|20|22||||1|0||
11STUDYLTR,Year11LITR,0,GW,11STUDYLTR,Year 11,11,STUDYLTR,KV,18,18,2025TT,11STUDYLTR|Year11LITR||||KV|GW|18|18||||2|0||
11STUDYKv,7,1,GW,Specify Subject Name,NCEA Level 1,11,Gateway,KV,20,20,2025TT,11STUDYKv||7|1|0|KV|GW|20|20||||1|0||
WHANAU,9WAHI,0,GW,Life Skills/Personal Development,Year 1,1,English and Languages,KV,13,13,2025TT,WHANAU|9WAHI||||KV|GW|13|13||||2|0||
GWAdmin,KV,0,GW,GWAdmin,0,0,GWAdmin,KV,0,0,2025TT,GWAdmin|KV||||KV|GW|0|0||||2|0||
MEET,9WAHI,0,GW,MEET,0,0,MEET,KV,13,13,2025TT,MEET|9WAHI||||KV|GW|13|13||||2|0||
100ENG,5,1,GW,English,NCEA Level 1,11,English and Languages,PQ,18,40,2025TT,100ENG||5|1|0|PQ|GW|18|40||||1|0||
12STUDYBt,7,1,GW,12STUDYBt,Year 12,12,STUDYBt,0,0,0,2025TT,12STUDYBt||7|1|0||GW|0|0||||1|0||
STUDY,0,0,Hall,STUDY,0,0,STUDY,SH,3,3,2025TT,STUDY|||||SH|Hall|3|3|24070;20091;20003|||3|0
NL3HIS,4,1,LIB,NETNZ L3 History,NCEA Level 3,13,Social Science,JT,1,1,2025TT,NL3HIS||4|1|0|JT|LIB|1|1||||1|0||
WHANAU,12WPAPA,0,LIB,Life Skills/Personal Development,Year 1,1,English and Languages,MK,12,12,2025TT,WHANAU|12WPAPA||||MK|LIB|12|12||||2|0||
MEET,12WPAPA,0,LIB,MEET,0,0,MEET,MK,12,12,2025TT,MEET|12WPAPA||||MK|LIB|12|12||||2|0||
100MUSC,6,1,MR,Music,NCEA Level 1,11,Arts,JA,2,2,2025TT,100MUSC||6|1|0|JA|MR|2|2||||1|0||
MMUSIC,82D,1,MR,Music,Middle School,10,Arts,JA,21,23,2025TT,MMUSIC||82|1|4|JA|MR|21|23||||1|0||
MMUSIC,82C,1,MR,Music,Middle School,10,Arts,JA,22,23,2025TT,MMUSIC||82|1|3|JA|MR|22|23||||1|0||
VEMUSIC,JVE,0,MR,Music,Junior School,7,Arts,JA,24,24,2025TT,VEMUSIC|JVE||||JA|MR|24|24||||2|0||
SRDRAMA,JSR,0,MR,Drama,Year 7,7,Arts,JA,19,19,2025TT,SRDRAMA|JSR||||JA|MR|19|19||||2|0||
PIMUSIC,JPI,0,MR,Music,Junior School,7,Arts,JA,21,21,2025TT,PIMUSIC|JPI||||JA|MR|21|21||||2|0||
MIMUSIC,JMI,0,MR,Music,Junior School,7,Arts,JA,20,20,2025TT,MIMUSIC|JMI||||JA|MR|20|20||||2|0||
200APMAT,1,1,MR,Mathematics - Core,NCEA Level 2,12,Mathematics,JD,16,16,2025TT,200APMAT||1|1|0|JD|MR|16|16||||1|0||
MJAPANESE,81A,1,MR,Japanese,Middle School,10,English and Languages,NR,14,14,2025TT,MJAPANESE||81|1|1|NR|MR|14|14||||1|0||
200APENG,5,1,MR,200 Applied English,NCEA Level 2,12,English and Languages,WA,11,11,2025TT,200APENG||5|1|0|WA|MR|11|11||||1|0||
WHANAU,11WAHI,0,MR,Life Skills/Personal Development,Year 1,1,English and Languages,WA,13,13,2025TT,WHANAU|11WAHI||||WA|MR|13|13||||2|0||
MEET,11WAHI,0,MR,MEET,0,0,MEET,WA,13,13,2025TT,MEET|11WAHI||||WA|MR|13|13||||2|0||
300OUEDA,3,1,OE,Outdoor Education (Adventure),NCEA Level 3,13,Physical Education,CY,5,5,2025TT,300OUEDA||3|1|0|CY|OE|5|5||||1|1||
MOUED,82D,1,OE,Outdoor Education,Middle School,10,Physical Education,HM,19,37,2025TT,MOUED||82|1|4|HM|OE|19|37||||1|1||
MOUED,82C,1,OE,Outdoor Education,Middle School,10,Physical Education,HM,18,37,2025TT,MOUED||82|1|3|HM|OE|18|37||||1|1||
MOUED,82B,1,OE,Outdoor Education,Middle School,10,Physical Education,HM,19,37,2025TT,MOUED||82|1|2|HM|OE|19|37||||1|1||
MOUED,82A,1,OE,Outdoor Education,Middle School,10,Physical Education,HM,19,37,2025TT,MOUED||82|1|1|HM|OE|19|37||||1|1||
300OUEDA,3,1,OE,Outdoor Education (Adventure),NCEA Level 3,13,Physical Education,TB,5,5,2025TT,300OUEDA||3|1|0|TB|OE|5|5||||1|0||
200OUEDR,5,1,OE,Outdoor Education (Recreation),NCEA Level 2,12,Physical Education,TB,9,9,2025TT,200OUEDR||5|1|0|TB|OE|9|9||||1|0||
200OUEDA,1,1,OE,Outdoor Education (Adventure),NCEA Level 2,12,Physical Education,TB,11,11,2025TT,200OUEDA||1|1|0|TB|OE|11|11||||1|0||
100OUEDA,4,1,OE,Outdoor Education (Adventure),NCEA Level 1,11,Physical Education,TB,9,9,2025TT,100OUEDA||4|1|0|TB|OE|9|9||||1|0||
MOUED,82D,1,OE,Outdoor Education,Middle School,10,Physical Education,TB,19,37,2025TT,MOUED||82|1|4|TB|OE|19|37||||1|0||
MOUED,82C,1,OE,Outdoor Education,Middle School,10,Physical Education,TB,18,37,2025TT,MOUED||82|1|3|TB|OE|18|37||||1|0||
MOUED,82B,1,OE,Outdoor Education,Middle School,10,Physical Education,TB,19,37,2025TT,MOUED||82|1|2|TB|OE|19|37||||1|0||
MOUED,82A,1,OE,Outdoor Education,Middle School,10,Physical Education,TB,19,37,2025TT,MOUED||82|1|1|TB|OE|19|37||||1|0||
WHANAU,10WAHI,0,OE,Life Skills/Personal Development,Year 1,1,English and Languages,TB,19,19,2025TT,WHANAU|10WAHI||||TB|OE|19|19||||2|0||
MEET,10WAHI,0,OE,MEET,0,0,MEET,TB,19,19,2025TT,MEET|10WAHI||||TB|OE|19|19||||2|0||
WHANAU,7WWAI,0,PAV,Life Skills/Personal Development,Year 1,1,English and Languages,BT,13,13,2025TT,WHANAU|7WWAI||||BT|PAV|13|13||||2|0||
MEET,7WWAI,0,PAV,MEET,0,0,MEET,BT,13,13,2025TT,MEET|7WWAI||||BT|PAV|13|13||||2|0||
RDA,0,0,RDA,RDA,0,0,RDA,CV,6,6,2025TT,RDA|||||CV|RDA|6|6|24025;25030;24029;23096;19066;22019|||3|0
RDAVolunte,0,0,RDA,RDAVolunte,0,0,RDAVolunte,GH,1,1,2025TT,RDAVolunte|||||GH|RDA|1|1|24119|||3|0
TAAUTO1,8,1,TT,Automotive Year 1,NCEA Level 2,12,Trades Academy,BT,2,2,2025TT,TAAUTO1||8|1|0|BT|TT|2|2||||1|1||
MITEXT,JMI,0,TT,Textiles Technology,Junior School,8,Technology,DK,20,20,2025TT,MITEXT|JMI||||DK|TT|20|20||||2|0||
7STEXT,7S,0,TT,Textiles/Clothing,Year 7,7,Technology,HM,13,13,2025TT,7STEXT|7S||||HM|TT|13|13||||2|0||
SDDRAMA,JSD,0,TT,Drama,Junior School,8,Arts,JA,19,19,2025TT,SDDRAMA|JSD||||JA|TT|19|19||||2|0||
TANURS3,9,1,TT,Nursery Year 3,NCEA Level 3,13,Trades Academy,RS,1,1,2025TT,TANurs3||9|1|0|RS|TT|1|1||||1|0||
NL3DRA,8,1,TT,L3Drama NeTNZ,NCEA Level 3,13,Arts,RS,3,3,2025TT,NL3DRA||8|1|0|RS|TT|3|3||||1|0||
NL3HIS,8,1,TT,NETNZ L3 History,NCEA Level 3,13,Social Science,RS,1,1,2025TT,NL3HIS||8|1|0|RS|TT|1|1||||1|0||
NL3SPA,8,1,TT,L3 Spanish,NCEA Level 3,13,English and Languages,RS,1,1,2025TT,NL3SPA||8|1|0|RS|TT|1|1||||1|0||
TACON2,8,1,TT,Building and Construction,NCEA Level 3,13,Trades Academy,RS,0,0,2025TT,TACON2||8|1|0|RS|TT|0|0||||1|0||
TACOOK2,8,1,TT,Cookery Year 2,NCEA Level 3,13,Trades Academy,RS,1,1,2025TT,TACOOK2||8|1|0|RS|TT|1|1||||1|0||
TAHANDB2,8,1,TT,Hair and Beauty Year 2,NCEA Level 3,13,Trades Academy,RS,1,1,2025TT,TAHANDB2||8|1|0|RS|TT|1|1||||1|0||
TKL3GER,8,1,TT,German L3 Tk,NCEA Level 3,13,English and Languages,RS,2,2,2025TT,TKL3GER||8|1|0|RS|TT|2|2||||1|0||
TKL3MAO,8,1,TT,Te Reo Maori,NCEA Level 3,13,Te Reo Māori,RS,3,6,2025TT,TKL3MAO||8|1|0|RS|TT|3|6||||1|0||
NL2DVC,9,1,TT,Level 2 NETNZ Design & Visual Communication,NCEA Level 2,12,Technology,RS,1,1,2025TT,NL2DVC||9|1|0|RS|TT|1|1||||1|0||
NL2MED,9,1,TT,Media Studies,NCEA Level 2,12,Social Science,RS,1,1,2025TT,NL2MED||9|1|0|RS|TT|1|1||||1|0||
TACOOK1,9,1,TT,Cookery Year 1,NCEA Level 2,12,Trades Academy,RS,2,2,2025TT,TACOOK1||9|1|0|RS|TT|2|2||||1|0||
MANTAP2,8,1,TT,Manaaki Tapoi Level 2,NCEA Level 2,12,Te Reo Māori,RS,3,3,2025TT,MANTAP2||8|1|0|RS|TT|3|3||||1|0||
NL2DRA,8,1,TT,Level 2 NETNZ Drama,NCEA Level 2,12,Arts,RS,3,3,2025TT,NL2DRA||8|1|0|RS|TT|3|3||||1|0||
NL2PYS,8,1,TT,L2 Psychology,NCEA Level 2,12,Social Science,RS,1,1,2025TT,NL2PYS||8|1|0|RS|TT|1|1||||1|0||
TAAUTO1,8,1,TT,Automotive Year 1,NCEA Level 2,12,Trades Academy,RS,2,2,2025TT,TAAUTO1||8|1|0|RS|TT|2|2||||1|0||
TACAF,8,1,TT,Cafe Skills,NCEA Level 2,12,Trades Academy,RS,1,1,2025TT,TACAF||8|1|0|RS|TT|1|1||||1|0||
TACOOK1,8,1,TT,Cookery Year 1,NCEA Level 2,12,Trades Academy,RS,0,2,2025TT,TACOOK1||8|1|0|RS|TT|0|2||||1|0||
TAHANDB1,8,1,TT,Hair and Beauty Year 1,NCEA Level 2,12,Trades Academy,RS,4,4,2025TT,TAHANDB1||8|1|0|RS|TT|4|4||||1|0||
TAMECAD1,8,1,TT,Engineering and CAD Design Year 1,NCEA Level 2,12,Trades Academy,RS,1,1,2025TT,TAMECAD1||8|1|0|RS|TT|1|1||||1|0||
TAMECAD2,8,1,TT,Engineering and CAD Design Year 2,NCEA Level 2,12,Trades Academy,RS,4,4,2025TT,TAMECAD2||8|1|0|RS|TT|4|4||||1|0||
TAPEST,8,1,TT,Trades Pest Control Level 2,NCEA Level 2,12,Trades Academy,RS,1,1,2025TT,TAPEST||8|1|0|RS|TT|1|1||||1|0||
TK2DTE,8,1,TT,L2 Digital Technology,NCEA Level 2,12,Technology,RS,1,1,2025TT,TK2DTE||8|1|0|RS|TT|1|1||||1|0||
TK2PHY,8,1,TT,Level 2 Physics (Te Kura),NCEA Level 2,12,Science,RS,0,0,2025TT,TK2PHY||8|1|0|RS|TT|0|0||||1|0||
TKL2MAO,8,1,TT,Te Reo Maori,NCEA Level 2,12,Te Reo Māori,RS,0,0,2025TT,TKL2MAO||8|1|0|RS|TT|0|0||||1|0||
EESL1,9,1,TT,Explore Emergency Services Level 1 Whenua Iti,NCEA Level 1,11,Trades Academy,RS,1,1,2025TT,EESL1||9|1|0|RS|TT|1|1||||1|0||
NL1MAO,9,1,TT,L1 Te Reo Māori,NCEA Level 1,11,Te Reo Māori,RS,4,4,2025TT,NL1MAO||9|1|0|RS|TT|4|4||||1|0||
NL1COM,8,1,TT,Commerce,NCEA Level 1,11,Social Science,RS,1,1,2025TT,NL1COM||8|1|0|RS|TT|1|1||||1|0||
MTEXT,82D,1,TT,Textiles,Middle School,10,Technology,RS,23,33,2025TT,MTEXT||82|1|4|RS|TT|23|33||||1|0||
MTEXT,82C,1,TT,Textiles,Middle School,10,Technology,RS,23,33,2025TT,MTEXT||82|1|3|RS|TT|23|33||||1|0||
MTEXT,82B,1,TT,Textiles,Middle School,10,Technology,RS,21,33,2025TT,MTEXT||82|1|2|RS|TT|21|33||||1|0||
MTEXT,82A,1,TT,Textiles,Middle School,10,Technology,RS,21,33,2025TT,MTEXT||82|1|1|RS|TT|21|33||||1|0||
8STEXT,8S,0,TT,St Mary's Textiles Technology,Year 8,8,Technology,RS,11,11,2025TT,8STEXT|8S||||RS|TT|11|11||||2|0||
VETEXT,JVE,0,TT,Textiles Technology,Junior School,7,Technology,RS,24,24,2025TT,VETEXT|JVE||||RS|TT|24|24||||2|0||
SRTEXT,JSR,0,TT,Textiles Technology,Junior School,7,Technology,RS,19,19,2025TT,SRTEXT|JSR||||RS|TT|19|19||||2|0||
SDTEXT,JSD,0,TT,Textiles Technology,Junior School,7,Technology,RS,19,19,2025TT,SDTEXT|JSD||||RS|TT|19|19||||2|0||
WHANAU,13RS,0,TT,Life Skills/Personal Development,Year 1,1,English and Languages,RS,9,9,2025TT,WHANAU|13RS||||RS|TT|9|9||||2|0||
TKBGER,8,1,TT,Specify Subject Name,Year 1,1,Learning Support,RS,1,1,2025TT,TKBGER||8|1|0|RS|TT|1|1||||1|0||
MEET,13RS,0,TT,MEET,0,0,MEET,RS,9,9,2025TT,MEET|13RS||||RS|TT|9|9||||2|0||
LIFESKILLS,8,1,TT,LIFESKILLS,0,0,LIFESKILLS,RS,1,1,2025TT,LIFESKILLS||8|1|0|RS|TT|1|1||||1|0||
TKL3GER,6,1,TT1,German L3 Tk,NCEA Level 3,13,English and Languages,JT,2,2,2025TT,TKL3GER||6|1|0|JT|TT1|2|2||||1|0|5|200021604
TKL3MAO,3,1,TT1,Te Reo Maori,NCEA Level 3,13,Te Reo Māori,JT,6,6,2025TT,TKL3MAO||3|1|0|JT|TT1|6|6||||1|0|7|200021635
TKL2MAO,3,1,TT1,Te Reo Maori,NCEA Level 2,12,Te Reo Māori,JT,0,0,2025TT,TKL2MAO||3|1|0|JT|TT1|0|0||||1|0|7|200021635
NETNZ,6,1,TT1,NETNZ,NCEA Level 1,11,Administration,JT,0,1,2025TT,NETNZ||6|1|0|JT|TT1|0|1||||1|0|5|200021604
NETNZTEREO,6,1,TT1,Level 1 Te Reo Maori,NCEA Level 1,11,Te Reo Māori,JT,2,3,2025TT,NETNZTEREO||6|1|0|JT|TT1|2|3||||1|0|5|200021604
NETNZ,5,1,TT1,NETNZ,NCEA Level 1,11,Administration,JT,0,1,2025TT,NETNZ||5|1|0|JT|TT1|0|1||||1|0|3|200021635
NETNZCOM,5,1,TT1,Level 1 NETNZ Commerce,NCEA Level 1,11,Social Science,JT,1,1,2025TT,NETNZCOM||5|1|0|JT|TT1|1|1||||1|0|4|200021604
NETNZTEREO,5,1,TT1,Level 1 Te Reo Maori,NCEA Level 1,11,Te Reo Māori,JT,1,3,2025TT,NETNZTEREO||5|1|0|JT|TT1|1|3||||1|0|4|200021604
NETNZ,4,1,TT1,NETNZ,NCEA Level 1,11,Administration,JT,0,1,2025TT,NETNZ||4|1|0|JT|TT1|0|1||||1|0||
NETNZ,2,1,TT1,NETNZ,NCEA Level 1,11,Administration,JT,0,1,2025TT,NETNZ||2|1|0|JT|TT1|0|1||||1|0||
NETNZ,1,1,TT1,NETNZ,NCEA Level 1,11,Administration,JT,0,1,2025TT,NETNZ||1|1|0|JT|TT1|0|1||||1|0||
NETNZDRAMA,5,1,TT1,Drama,Year 1,1,Arts,JT,2,6,2025TT,NETNZDRAMA||5|1|0|JT|TT1|2|6||||1|0|4|200021604
NETMEDST,6,1,TT1,NETMEDST,0,0,NETMEDST,JT,0,0,2025TT,NETMEDST||6|1|0|JT|TT1|0|0||||1|0|3|200021657
NETNZGER,6,1,TT1,NETNZGER,0,0,NETNZGER,JT,0,0,2025TT,NETNZGER||6|1|0|JT|TT1|0|0||||1|0|4|200021635
NETNZMEDS,6,1,TT1,NETNZMEDS,0,0,NETNZMEDS,JT,1,1,2025TT,NETNZMEDS||6|1|0|JT|TT1|1|1||||1|0|4|200021635
NETNZSPA,6,1,TT1,NETNZSPA,0,0,NETNZSPA,JT,1,1,2025TT,NETNZSPA||6|1|0|JT|TT1|1|1||||1|0|5|200021604
NETNZPSYC,4,1,TT1,NETNZPSYC,0,0,NETNZPSYC,JT,1,1,2025TT,NETNZPSYC||4|1|0|JT|TT1|1|1||||1|0||
WHANAU,13NR,0,TUHUA,Life Skills/Personal Development,Year 1,1,English and Languages,NR,10,10,2025TT,WHANAU|13NR||||NR|TUHUA|10|10||||2|0||
MEET,13NR,0,TUHUA,MEET,0,0,MEET,NR,10,10,2025TT,MEET|13NR||||NR|TUHUA|10|10||||2|0||
Driver,9,1,TWA,Driver's Licence,NCEA Level 2,12,Administration,KV,0,0,2025TT,Driver||9|1|0|KV|TWA|0|0||||1|0||
Licence,9,1,TWA,English,Year 1,1,Gateway,KV,0,0,2025TT,Licence||9|1|0|KV|TWA|0|0||Driver||4|0||
s,9,1,TWA,Specify Subject Name,Year 1,1,Gateway,KV,0,0,2025TT,s||9|1|0|KV|TWA|0|0||Driver||4|0||
TWA,0,0,TWA,Special Needs Programme,Year 1,1,Learning Support,SA,1,1,2025TT,TWA|||||SA|TWA|1|1|22031|||3|0
VEVART,JVE,0,VA,Art,Junior School,8,Arts,BR,24,24,2025TT,VEVART|JVE||||BR|VA|24|24||||2|0||
MIVART,JMI,0,VA,Art,Junior School,8,Arts,BR,20,20,2025TT,MIVART|JMI||||BR|VA|20|20||||2|0||
SRVART,JSR,0,VA,Art,Year 7,7,Arts,BR,19,19,2025TT,SRVART|JSR||||BR|VA|19|19||||2|0||
SDART,JSD,0,VA,Art,Junior School,7,Arts,BR,19,19,2025TT,SDART|JSD||||BR|VA|19|19||||2|0||
PIVART,JPI,0,VA,Art,Junior School,7,Arts,BR,21,21,2025TT,PIVART|JPI||||BR|VA|21|21||||2|0||
300Paint,6,1,VA,L3 Painting,NCEA Level 3,13,Arts,Mn,2,2,2025TT,300Paint||6|1|0|Mn|VA|2|2||||1|0|2|200021658
300Print,6,1,VA,L3 Printmaking,NCEA Level 3,13,Arts,Mn,0,3,2025TT,300Print||6|1|0|Mn|VA|0|3||||1|0|2|200021658
300SCULPT,6,1,VA,L3 Sculpture,NCEA Level 3,13,Arts,Mn,1,1,2025TT,300SCULPT||6|1|0|Mn|VA|1|1||||1|0||
300Paint,2,1,VA,L3 Painting,NCEA Level 3,13,Arts,Mn,0,2,2025TT,300Paint||2|1|0|Mn|VA|0|2||||1|0|3|200021653
300Print,2,1,VA,L3 Printmaking,NCEA Level 3,13,Arts,Mn,3,3,2025TT,300Print||2|1|0|Mn|VA|3|3||||1|0|3|200021653
300SCULPT,2,1,VA,L3 Sculpture,NCEA Level 3,13,Arts,Mn,1,1,2025TT,300SCULPT||2|1|0|Mn|VA|1|1||||1|0||
200DESIGN,6,1,VA,L2 Design,NCEA Level 2,12,Arts,Mn,1,1,2025TT,200DESIGN||6|1|0|Mn|VA|1|1||||1|0||
200Paint,6,1,VA,L2 Painting,NCEA Level 2,12,Arts,Mn,8,11,2025TT,200Paint||6|1|0|Mn|VA|8|11||||1|0|9|200021637
200Photo,6,1,VA,L2 Photography,NCEA Level 2,12,Arts,Mn,0,5,2025TT,200Photo||6|1|0|Mn|VA|0|5||||1|0|9|200021637
200Print,6,1,VA,L2 Printmaking,NCEA Level 2,12,Arts,Mn,1,1,2025TT,200Print||6|1|0|Mn|VA|1|1||||1|0|9|200021637
200Sculpt,6,1,VA,L2 Sculpture,NCEA Level 2,12,Arts,Mn,0,3,2025TT,200Sculpt||6|1|0|Mn|VA|0|3||||1|0|9|200021637
200Paint,2,1,VA,L2 Painting,NCEA Level 2,12,Arts,Mn,3,11,2025TT,200Paint||2|1|0|Mn|VA|3|11||||1|0|11|200021632
200Photo,2,1,VA,L2 Photography,NCEA Level 2,12,Arts,Mn,5,5,2025TT,200Photo||2|1|0|Mn|VA|5|5||||1|0|11|200021632
200Print,2,1,VA,L2 Printmaking,NCEA Level 2,12,Arts,Mn,0,1,2025TT,200Print||2|1|0|Mn|VA|0|1||||1|0|11|200021632
200Sculpt,2,1,VA,L2 Sculpture,NCEA Level 2,12,Arts,Mn,3,3,2025TT,200Sculpt||2|1|0|Mn|VA|3|3||||1|0|11|200021632
100VART,6,1,VA,Visual Art,NCEA Level 1,11,Arts,MN,5,10,2025TT,100VART||6|1|0|Mn|VA|5|10||||1|0||
100VART,2,1,VA,Visual Art,NCEA Level 1,11,Arts,MN,5,10,2025TT,100VART||2|1|0|Mn|VA|5|10||||1|0||
MVART,81D,1,VA,Art,Middle School,10,Arts,Mn,20,38,2025TT,MVART||81|1|4|Mn|VA|20|38||||1|0||
MVART,81C,1,VA,Art,Middle School,10,Arts,Mn,21,38,2025TT,MVART||81|1|3|Mn|VA|21|38||||1|0||
MVART,81B,1,VA,Art,Middle School,10,Arts,Mn,20,38,2025TT,MVART||81|1|2|Mn|VA|20|38||||1|0||
MVART,81A,1,VA,Art,Middle School,10,Arts,Mn,21,38,2025TT,MVART||81|1|1|Mn|VA|21|38||||1|0||
WHANAU,12WAHI,0,VA,Life Skills/Personal Development,Year 1,1,English and Languages,Mn,13,13,2025TT,WHANAU|12WAHI||||Mn|VA|13|13||||2|0||
NetNZAH,Mn,0,VA,NetNZAH,0,0,NetNZAH,Mn,0,0,2025TT,NetNZAH|Mn||||Mn|VA|0|0||||2|0||
NETNZClass,Mn,0,VA,NETNZClass,0,0,NETNZClass,Mn,0,0,2025TT,NETNZClass|Mn||||Mn|VA|0|0||||2|0||
MEET,12WAHI,0,VA,MEET,0,0,MEET,Mn,13,13,2025TT,MEET|12WAHI||||Mn|VA|13|13||||2|0||
300TEAO,4,1,WHARE,Te Ao Māori,NCEA Level 3,13,Te Reo Māori,WE,6,6,2025TT,300TEAO||4|1|0|WE|WHARE|6|6||||1|0||
200TEAO,4,1,WHARE,Te Ao Māori,NCEA Level 2,12,Te Reo Māori,WE,0,0,2025TT,200TEAO||4|1|0|WE|WHARE|0|0||||1|0||
100TEAO,4,1,WHARE,Te Ao Māori,NCEA Level 1,11,Te Reo Māori,WE,4,4,2025TT,100TEAO||4|1|0|WE|WHARE|4|4||||1|0||
WHANAU,WTEREO,0,WHARE,Life Skills/Personal Development,Year 1,1,English and Languages,WE,38,38,2025TT,WHANAU|WTEREO||||WE|WHARE|38|38||||2|0||
MEET,WTEREO,0,WHARE,MEET,0,0,MEET,WE,38,38,2025TT,MEET|WTEREO||||WE|WHARE|38|38||||2|0||
300TEAO,4,1,WHARE,Te Ao Māori,NCEA Level 3,13,Te Reo Māori,WW,6,6,2025TT,300TEAO||4|1|0|WW|WHARE|6|6||||1|1||
TKL3MAO,3,1,WHARE,Te Reo Maori,NCEA Level 3,13,Te Reo Māori,WW,6,6,2025TT,TKL3MAO||3|1|0|WW|WHARE|6|6||||1|0||
200TEAO,4,1,WHARE,Te Ao Māori,NCEA Level 2,12,Te Reo Māori,WW,0,0,2025TT,200TEAO||4|1|0|WW|WHARE|0|0||||1|1||
TKL2MAO,3,1,WHARE,Te Reo Maori,NCEA Level 2,12,Te Reo Māori,WW,0,0,2025TT,TKL2MAO||3|1|0|WW|WHARE|0|0||||1|0||
100TEAO,4,1,WHARE,Te Ao Māori,NCEA Level 1,11,Te Reo Māori,WW,4,4,2025TT,100TEAO||4|1|0|WW|WHARE|4|4||||1|1||
300TREO,3,1,WHARE,Te Reo Maori,NCEA Level 3,13,Te Reo Māori,0,0,0,2025TT,300TREO||3|1|0||WHARE|0|0||||1|0||
200TREO,3,1,WHARE,Te Reo Maori,NCEA Level 2,12,Te Reo Māori,0,0,0,2025TT,200TREO||3|1|0||WHARE|0|0||||1|0||
100TREO,3,1,WHARE,Te Reo Maori,NCEA Level 1,11,Te Reo Māori,0,0,0,2025TT,100TREO||3|1|0||WHARE|0|0||||1|0||
MTEREO,82D,1,WHARE1,Te Reo Maori,Middle School,10,Te Reo Māori,BP,8,18,2025TT,MTEREO||82|1|4|BP|WHARE1|8|18||||1|0||
MTEREO,82C,1,WHARE1,Te Reo Maori,Middle School,10,Te Reo Māori,BP,8,18,2025TT,MTEREO||82|1|3|BP|WHARE1|8|18||||1|0||
MTEREO,82B,1,WHARE1,Te Reo Maori,Middle School,10,Te Reo Māori,BP,13,18,2025TT,MTEREO||82|1|2|BP|WHARE1|13|18||||1|0||
MTEREO,82A,1,WHARE1,Te Reo Maori,Middle School,10,Te Reo Māori,BP,13,18,2025TT,MTEREO||82|1|1|BP|WHARE1|13|18||||1|0||
MTRMATH,MTR,0,WHARE1,Mathematics,Middle School,10,Mathematics,SD,10,10,2025TT,MTRMATH|MTR||||SD|WHARE1|10|10||||2|0||
MTRENG,MTR,0,WHARE1,English,Middle School,10,English and Languages,WA,10,10,2025TT,MTRENG|MTR||||WA|WHARE1|10|10||||2|0||
MAKORANGA,MTR,0,WHARE1,MAkoranga,Year 9,9,Te Reo Māori,WE,10,10,2025TT,MAKORANGA|MTR||||WE|WHARE1|10|10||||2|0||
MTREO,MTR,0,WHARE1,JMTe reo Maori,Year 9,9,Te Reo Māori,WE,10,10,2025TT,MTREO|MTR||||WE|WHARE1|10|10||||2|0||
MPANGARAU,MTR,0,WHARE1,MPANGARAU,0,0,MPANGARAU,WE,10,10,2025TT,MPANGARAU|MTR||||WE|WHARE1|10|10||||2|0||
MTRPAKEHA,MTR,0,WHARE1,MTRPAKEHA,0,0,MTRPAKEHA,WE,10,10,2025TT,MTRPAKEHA|MTR||||WE|WHARE1|10|10||||2|0||
JTRENG,JTR,0,WHARE2,English,Junior School,8,English and Languages,WA,14,14,2025TT,JTRENG|JTR||||WA|WHARE2|14|14||||2|0||
JMAHITOI,JTR,0,WHARE2,Mahi Toi,Year 8,8,Te Reo Māori,WE,14,14,2025TT,JMAHITOI|JTR||||WE|WHARE2|14|14||||2|0||
JPANGARAU,JTR,0,WHARE2,Junior Pangarau,Year 8,8,Te Reo Māori,WE,14,14,2025TT,JPANGARAU|JTR||||WE|WHARE2|14|14||||2|0||
JAKORANGA,JTR,0,WHARE2,JAkoranga,Year 7,7,Te Reo Māori,WE,14,14,2025TT,JAKORANGA|JTR||||WE|WHARE2|14|14||||2|0||
JTREO,JTR,0,WHARE2,JTe reo Maori,Year 7,7,Te Reo Māori,WE,14,14,2025TT,JTREO|JTR||||WE|WHARE2|14|14||||2|0||
JTRPAKEHA,JTR,0,WHARE2,JTRPAKEHA,0,0,JTRPAKEHA,WE,14,14,2025TT,JTRPAKEHA|JTR||||WE|WHARE2|14|14||||2|0||
JTRMATH,JTR,0,WHARE3,Mathematics,Junior School,8,Mathematics,SD,14,14,2025TT,JTRMATH|JTR||||SD|WHARE3|14|14||||2|0||
Timetable,0,0,0,Timetable,0,0,Timetable,JD,0,0,2025TT,Timetable|JD||||JD||0|0||||2|0||
Dogtrain,0,0,0,Dogtrain,0,0,Dogtrain,JT,41,41,2025TT,Dogtrain|||||JT||41|41|22031;19017;19051;20023;20073;21066;21077;21004;20033;20096;20024;23043;23036;21029;21050;21009;21056;20018;21085;19016;20014;20039;19009;20035;22007;20031;19055;20025;20074;20074;20079;19022;20008;19025;19025;21028;20003;20006;20002;21031;23112|||3|0
STUDY,6,1,0,STUDY,0,0,STUDY,JT,1,25,2025TT,STUDY||6|1|0|JT||1|25||||1|0||
STUDY,5,1,0,STUDY,0,0,STUDY,JT,0,25,2025TT,STUDY||5|1|0|JT||0|25||||1|0||
STUDY,4,1,0,STUDY,0,0,STUDY,JT,3,25,2025TT,STUDY||4|1|0|JT||3|25||||1|0||
STUDY,3,1,0,STUDY,0,0,STUDY,JT,10,25,2025TT,STUDY||3|1|0|JT||10|25||||1|0||
STUDY,2,1,0,STUDY,0,0,STUDY,JT,10,25,2025TT,STUDY||2|1|0|JT||10|25||||1|0||
NETNZDVC,1,1,0,NETNZDVC,0,0,NETNZDVC,JT,1,1,2025TT,NETNZDVC||1|1|0|JT||1|1||||1|0||
STUDY,1,1,0,STUDY,0,0,STUDY,JT,2,25,2025TT,STUDY||1|1|0|JT||2|25||||1|0||
MackDL,KV,0,0,MackDL,0,0,MackDL,KV,0,0,2025TT,MackDL|KV||||KV||0|0||||2|0||
REVI,0,0,0,REVI,0,0,REVI,Michael,2,2,2025TT,REVI|||||Michael||2|2|20061;20061|||3|0
GATESDT,0,0,0,GATESDT,0,0,GATESDT,VP,4,4,2025TT,GATESDT|||||VP||4|4|20024;20039;20080;23112|||3|0
MMUSIC,81B,1,0,Music,Middle School,10,Arts,0,0,23,2025TT,MMUSIC||81|1|2|||0|23||||1|0||
MMUSIC,81A,1,0,Music,Middle School,10,Arts,0,0,23,2025TT,MMUSIC||81|1|1|||0|23||||1|0||
